<application>
  <component name="GeneralSettings">
    <option name="reopenLastProject" value="false" />
    <option name="confirmOpenNewProject2" value="-1" />
  </component>
  <component name="Registry">
    <entry key="rdclient.asyncActions" value="false" />
    <entry key="ide.balloon.shadow.size" value="0" />
    <entry key="ide.editor.tab.selection.animation" value="true" />
    <entry key="ide.new.editor.tabs.vertical.borders" value="true" />
    <entry key="editor.focus.mode.color.light" value="415967" />
    <entry key="editor.focus.mode.color.dark" value="415967" />
  </component>
  <component name="StatusBar">
    <option name="widgets">
      <map>
        <entry key="aws.codewhisperer" value="false" />
      </map>
    </option>
  </component>
</application>