<application>
  <component name="ProjectJdkTable">
    <jdk version="2">
      <name value="1.8" />
      <type value="JavaSDK" />
      <version value="version 1.8.0_312" />
      <homePath value="C:/Program Files/Eclipse Adoptium/jdk-8.0.312.7-hotspot" />
      <roots>
        <annotationsPath>
          <root type="composite">
            <root url="jar://$APPLICATION_PLUGINS_DIR$/rider-android/lib/jdkAnnotations.jar!/" type="simple" />
          </root>
        </annotationsPath>
        <classPath>
          <root type="composite">
            <root url="jar://C:/Program Files/Eclipse Adoptium/jdk-8.0.312.7-hotspot/jre/lib/charsets.jar!/" type="simple" />
            <root url="jar://C:/Program Files/Eclipse Adoptium/jdk-8.0.312.7-hotspot/jre/lib/ext/access-bridge-64.jar!/" type="simple" />
            <root url="jar://C:/Program Files/Eclipse Adoptium/jdk-8.0.312.7-hotspot/jre/lib/ext/cldrdata.jar!/" type="simple" />
            <root url="jar://C:/Program Files/Eclipse Adoptium/jdk-8.0.312.7-hotspot/jre/lib/ext/dnsns.jar!/" type="simple" />
            <root url="jar://C:/Program Files/Eclipse Adoptium/jdk-8.0.312.7-hotspot/jre/lib/ext/jaccess.jar!/" type="simple" />
            <root url="jar://C:/Program Files/Eclipse Adoptium/jdk-8.0.312.7-hotspot/jre/lib/ext/localedata.jar!/" type="simple" />
            <root url="jar://C:/Program Files/Eclipse Adoptium/jdk-8.0.312.7-hotspot/jre/lib/ext/nashorn.jar!/" type="simple" />
            <root url="jar://C:/Program Files/Eclipse Adoptium/jdk-8.0.312.7-hotspot/jre/lib/ext/sunec.jar!/" type="simple" />
            <root url="jar://C:/Program Files/Eclipse Adoptium/jdk-8.0.312.7-hotspot/jre/lib/ext/sunjce_provider.jar!/" type="simple" />
            <root url="jar://C:/Program Files/Eclipse Adoptium/jdk-8.0.312.7-hotspot/jre/lib/ext/sunmscapi.jar!/" type="simple" />
            <root url="jar://C:/Program Files/Eclipse Adoptium/jdk-8.0.312.7-hotspot/jre/lib/ext/sunpkcs11.jar!/" type="simple" />
            <root url="jar://C:/Program Files/Eclipse Adoptium/jdk-8.0.312.7-hotspot/jre/lib/ext/zipfs.jar!/" type="simple" />
            <root url="jar://C:/Program Files/Eclipse Adoptium/jdk-8.0.312.7-hotspot/jre/lib/jce.jar!/" type="simple" />
            <root url="jar://C:/Program Files/Eclipse Adoptium/jdk-8.0.312.7-hotspot/jre/lib/jfr.jar!/" type="simple" />
            <root url="jar://C:/Program Files/Eclipse Adoptium/jdk-8.0.312.7-hotspot/jre/lib/jsse.jar!/" type="simple" />
            <root url="jar://C:/Program Files/Eclipse Adoptium/jdk-8.0.312.7-hotspot/jre/lib/management-agent.jar!/" type="simple" />
            <root url="jar://C:/Program Files/Eclipse Adoptium/jdk-8.0.312.7-hotspot/jre/lib/resources.jar!/" type="simple" />
            <root url="jar://C:/Program Files/Eclipse Adoptium/jdk-8.0.312.7-hotspot/jre/lib/rt.jar!/" type="simple" />
          </root>
        </classPath>
        <javadocPath>
          <root type="composite" />
        </javadocPath>
        <sourcePath>
          <root type="composite">
            <root url="jar://C:/Program Files/Eclipse Adoptium/jdk-8.0.312.7-hotspot/src.zip!/" type="simple" />
          </root>
        </sourcePath>
      </roots>
      <additional />
    </jdk>
    <jdk version="2">
      <name value="Android API 31 Platform" />
      <type value="Android SDK" />
      <homePath value="$USER_HOME$/AppData/Local/Android/sdk" />
      <roots>
        <annotationsPath>
          <root type="composite">
            <root url="jar://$USER_HOME$/AppData/Local/Android/Sdk/platforms/android-31/data/annotations.zip!/" type="simple" />
          </root>
        </annotationsPath>
        <classPath>
          <root type="composite">
            <root url="jar://$USER_HOME$/AppData/Local/Android/Sdk/platforms/android-31/android.jar!/" type="simple" />
            <root url="file://$USER_HOME$/AppData/Local/Android/Sdk/platforms/android-31/data/res" type="simple" />
          </root>
        </classPath>
        <javadocPath>
          <root type="composite" />
        </javadocPath>
        <sourcePath>
          <root type="composite">
            <root url="file://$USER_HOME$/AppData/Local/Android/Sdk/sources/android-31" type="simple" />
          </root>
        </sourcePath>
      </roots>
      <additional jdk="1.8" sdk="android-31" />
    </jdk>
  </component>
</application>