<application>
  <component name="ProjectManager">
    <defaultProject>
      <component name="Encoding" addBOMForNewFiles="with BOM under Windows, with no BOM otherwise" />
      <component name="PropertiesComponent">
        <property name="settings.editor.selected.configurable" value="preferences.remoteExternalTools" />
      </component>
      <component name="WindowStateProjectService">
        <state x="872" y="434" key="Rider.ProjectTemplateDialog.Size" timestamp="1687258440241">
          <screen x="0" y="0" width="2560" height="1400" />
        </state>
        <state x="872" y="434" key="Rider.ProjectTemplateDialog.Size/2560.495.1920.1040/0.0.2560.1400" timestamp="1687258440241" />
      </component>
    </defaultProject>
  </component>
</application>